student_id,gender,school_type,prior_gpa,attendance_pct,quiz_avg,assign_avg,midterm,study_hours_wk,final_score,passed
1,M,Govt,7.585293712157961,59.25664644193098,61.526542810897446,40.93645469887248,86.20151376850424,13.45405988417796,51.10129028647263,1
2,F,Govt,6.288770930752963,77.0950473689179,58.33455021037848,39.75830392575999,81.16222357237741,15.933627943827446,52.52777920163736,1
3,M,Govt,4.476220930290622,93.64729179382041,22.051365264514857,92.50036644168293,65.88231611644586,5.00935797584998,55.71151210935095,1
4,M,Private,8.51036015765559,86.61124432047805,47.299826210092505,39.96369598796049,96.48377148895464,12.497481992139978,55.773779633028255,1
5,M,Govt,7.477849380431034,90.32805739307248,50.41564950286856,41.75597809029048,36.037961242272225,11.434919662874973,45.20309912178696,0
6,F,Govt,3.3009355147591304,82.93916833553587,51.90582247175204,80.7518609934371,28.74113682476971,16.65660753576542,49.52778482805077,0
7,M,Private,9.28741747595074,84.61382822589263,66.41378953818659,55.9791873960432,88.31695735643378,18.12174120962521,60.92223599850139,1
8,M,Govt,8.580297943385352,92.45978257826596,62.68820373815028,82.1368445564145,55.13198533069986,0.24313542954773615,60.19942282938319,1
9,M,Private,9.598399306335391,62.483400442959294,68.63240742347557,25.229292605150818,87.75750833656484,13.480398381175853,50.74020162289718,1
10,F,Private,7.80575606710688,74.47124818215703,81.19066092337026,59.005695493870746,91.44721641563319,1.0367159823945804,62.784115416427625,1
11,M,Govt,6.907321567486319,61.06047209098011,85.03885909728749,22.68908801466261,24.996607489525715,10.977173301547118,40.13846965198845,0
12,M,Private,5.345944290324951,99.38340039983234,77.44984609811955,25.01225627642836,90.67718103888485,5.752654580873564,59.57372562071801,1
13,M,Govt,9.461827866832106,97.20296698433066,96.44189567639478,92.51499626755287,55.86552442955377,6.135531990442824,70.29744224493285,1
14,M,Private,8.928511116003268,51.9713405684253,21.45860661410893,31.139629689407613,60.83459912033858,7.0591700690471315,34.86653742165674,0
15,F,Private,2.3617493608495153,85.27875862578442,35.662238854683686,62.593654582017365,70.12740088745682,12.425848980992203,51.20476046215836,1
16,M,Govt,2.210935795978016,96.26241587078329,20.605029998251368,52.887648208056525,94.11060853840694,6.680999313375384,53.215327682295225,1
17,F,Private,5.011706935024397,59.02876725636668,71.79797713236823,47.78746610070741,21.52928755438112,14.653981011805609,41.031040995769565,0
18,F,Private,8.484426646254663,78.39726152763147,91.84244391599896,91.9866676549818,58.14747746542537,8.090547711477393,65.77165544205846,1
19,F,Private,9.898209034519557,95.77441487940209,39.47858372610394,21.74587174203916,75.01776339444486,1.3670640061991723,48.38296855530192,0
20,M,Private,3.2033351288282255,51.69729892928994,94.16276358370453,73.10317489404713,77.81655661585827,15.675196849682145,59.99662583034562,1
21,F,Private,6.753045722817081,84.871013362342,24.821391223164866,97.07155473708403,75.40259452296864,5.71516649185412,57.783919913675334,1
22,M,Govt,5.047126853048172,64.86745036862754,94.75488214444114,64.81345467694736,30.75481035264975,8.655337591985253,52.0475448791428,1
23,F,Private,9.759315182516826,96.21980976882652,48.12981497917075,94.94579696264735,43.9516470697345,13.708877664438031,58.60127679257919,1
24,F,Govt,8.73695138508567,98.55291225826838,28.11366627593732,24.1806303428819,48.69724203336108,6.64912314297424,41.65628045910687,0
25,F,Private,8.706629637689103,97.2133244556717,58.86974073490605,53.50346552593291,84.3549766143604,1.1317131229343125,60.52962739371203,1
26,F,Govt,5.749545278359762,73.71071083287319,40.542125417640634,40.81262327696409,42.30078979316424,7.478420940256272,40.62315891980039,0
27,F,Govt,5.318556018701321,93.10213254946567,42.78983215695383,78.46567719845838,36.85639710937625,18.888971653886067,51.306519006591095,1
28,F,Private,4.18725657544565,92.22746992675351,44.58319719410292,98.50376723977973,96.5958415230477,12.834687945971163,67.21950649182591,1
29,F,Private,2.451003973207417,65.95502366216279,84.24207182661307,40.52240499553982,20.709062809077512,13.42958297334414,42.77591345332013,0
30,F,Private,8.917779010040427,91.44577370753387,63.132902134020355,72.33396811792596,99.82566845455825,12.645643072752797,67.13121828481577,1
31,M,Govt,8.503208073040621,51.85038173577463,44.90461593248029,35.847810620779214,74.14570390859166,3.979842779188736,43.050344054133284,0
32,M,Private,9.997741386289045,79.81349392410266,68.82670266487347,65.22642036572879,86.27754395592936,8.366677282045602,62.028380459384664,1
33,F,Govt,9.973094696591243,61.50044186438515,77.29205393785548,57.114598935066894,43.56955170769545,15.018795967266366,49.88994822831884,0
34,F,Govt,6.44345364482102,56.02834428886394,41.8099200586827,97.76042637052296,21.145222213364796,2.027457951063183,44.637473315251086,0
35,F,Govt,8.151899321444084,53.84766008146046,53.08392812202812,68.68218181571733,79.0295614849224,5.557055521794245,52.55904616511448,1
36,M,Private,9.558125839059425,84.81443879390699,29.750887466955803,47.960509766945506,86.73156776005406,5.526382169317072,51.76310592538436,1
37,F,Private,8.79717912541929,66.9937481884033,34.491947962774425,29.12766279103467,79.23809055628153,8.64037855189012,43.72972572478265,0
38,M,Govt,3.9787848139455813,86.23833857643808,74.48942831719862,32.09974629879476,31.428022984067088,19.607374818843702,45.64686419808882,0
39,M,Govt,5.604353082480748,53.26781703994712,34.515067815650156,38.025354396098805,80.27423378055752,1.3500509336764388,42.33736522294687,0
40,M,Private,3.03327532121196,65.76451689153052,62.01307069336481,40.07733290722384,81.51382256861127,10.374019887611901,50.48040367638849,1
41,M,Govt,9.632408218069779,76.97456461876686,76.72370093779462,88.04928462729103,72.6832412536044,3.587293640244209,64.81263993110534,1
42,M,Private,6.84939707560704,89.53615824194819,28.55015384757951,64.89782306260199,81.28927462364689,19.413530908194883,54.224561370276724,1
43,F,Govt,3.8291424440277018,65.9376251466035,65.38497757031229,61.87127290994931,87.67371517421857,2.266070094549284,56.939346649022276,1
44,F,Private,7.373605475246854,81.29456882185045,40.525022696109104,29.181509749537398,69.08832913899667,8.072020047231824,45.4926071763481,0
45,F,Govt,6.945025923663167,94.29888741180935,97.03415001900639,88.8111754679548,27.088377117574325,14.757699696692123,62.8355231880016,1
46,F,Private,4.865301744262724,80.79315940911523,58.683651737593976,77.8251442566787,59.01022477337687,14.091088560548906,56.235496384205504,1
47,F,Govt,2.908460737597032,61.64797373768169,84.47940398201266,25.413468952000127,26.211946773728407,8.454572737878646,40.13225083660399,0
48,M,Private,7.372585564742397,51.220039077826904,64.01812337250094,76.62680777838149,52.60344248259447,6.930483359054365,50.368199655209246,1
49,F,Private,6.162461607230346,93.50494369504649,23.473002628385533,63.483057387411684,52.56851913005021,7.952247571057411,47.83839688962486,0
50,F,Govt,8.178547133885115,51.063470542519354,70.65211004752179,26.538027659742262,25.280787531219325,5.285525263172786,36.34258858297757,0
51,M,Govt,6.161308008895947,93.73508363420997,96.11226737653256,56.664051322292515,47.905642717558344,4.106658774135996,60.11567061189787,1
52,F,Private,8.817452002548322,76.4468567013606,68.1289456117065,58.775702970403756,28.879847903305187,9.6607939511778,48.20976103786488,0
53,M,Govt,6.415254710195884,96.95338492564481,85.53510875414321,33.26196321306206,84.65881680073777,5.370675121352146,61.36490568075675,1
54,F,Private,6.48750377228309,89.93916178868326,90.73651706787263,95.65585176002259,95.81504207715766,5.749233297945002,75.72681529320384,1
55,M,Govt,9.013228821266761,99.89670552666686,38.2463817559146,87.99802971845295,25.78531802063509,13.13512126949114,52.18793276858726,1
56,F,Private,5.227862929699176,67.53559077258551,36.96358719265813,73.52178698632866,96.40921658333612,19.370746633997843,55.93160889292152,1
57,F,Private,3.072121827605126,88.35941444655634,68.87847910807935,56.98364488004857,61.80612794693961,12.072744011187503,55.8199576418458,1
58,M,Private,2.230261410506712,70.0965456804621,52.882277584536375,52.941243326760684,43.96525423630991,1.5395893412993256,44.42311644771516,0
59,M,Private,8.041098045388953,73.99378101519544,87.18890422933762,72.07787737207633,26.14896602209308,1.5116722770813396,53.49012533681828,1
60,M,Private,6.962476410827717,81.37527316091851,92.00184987184089,63.634549552552436,60.04994144563342,19.02846441691132,60.804818088354594,1
61,M,Private,7.6326381447937885,93.68385570931693,48.27371034421745,24.98184847055085,83.56124355925989,5.945815806146673,51.62665924562778,1
62,M,Govt,3.703713292071286,99.20417345996475,38.94964471795856,61.000211901626535,76.56691818133585,1.8413397216495087,55.884932310591395,1
63,M,Govt,3.090971804694158,88.41367069322591,82.44204121950895,84.51228937862716,24.0180809171179,11.980891743007632,56.495410802634815,1
64,M,Govt,2.1163573253430554,70.8883391083667,41.984482843850884,56.73919020775664,25.832146829432283,12.472975565805323,39.512103262949914,0
65,M,Private,4.804700470452776,71.06785011385351,85.80914548109428,24.156526204341475,52.229862610610965,12.970096402373763,47.6136169760706,0
66,F,Private,6.719341494837065,86.87911507944457,53.89906029190102,82.90225595072265,43.623239523835466,5.348040557150826,54.80460246814816,1
67,F,Private,5.1379523607978586,61.938857288415115,73.40399194331764,36.10910257087795,38.59074584448383,0.3022136842895007,43.03613000157848,0
68,M,Private,5.4997993761898325,55.52370565656973,27.642825106773454,40.6896667910431,42.48035991269709,19.300307389089436,34.36727136865464,0
69,F,Govt,9.233269555949988,67.73110788203883,69.90874597412585,33.17650827458367,84.27861946375077,5.01786091382205,52.86565023008982,1
70,F,Govt,4.786043736186403,64.36194958270409,56.14141429897833,46.4172051897198,94.33824429054832,13.52052576105095,53.20897141962739,1
71,F,Private,6.111915913278486,64.81540602279951,66.92867705403793,80.5401204550908,52.408215562205314,14.132597397574191,54.160867001482416,1
72,F,Govt,8.269224101929144,61.680387552495496,33.441136619589074,61.550868760314984,92.48888017059977,12.200148341589713,51.4860994409857,1
73,M,Govt,5.172342258570161,52.104659481818096,78.94989959553456,36.390501932057006,45.71965609983056,6.258147884272964,43.66741187356208,0
74,F,Private,6.976693601822988,50.89369673667069,89.02376620345828,90.22640625216327,58.11495890750333,5.421925075281315,59.04710434032371,1
75,M,Govt,8.89890966997396,99.38611948680158,37.33918400726205,90.36654839612234,38.08231982527998,11.953365654054062,54.814616277087985,1
76,F,Private,9.596164989261137,71.38865668679311,27.657164441612938,89.64627400368056,71.23808337406751,17.32191267223383,53.90526869908305,1
77,F,Govt,3.1765878474323035,69.21633235798409,21.89108688370691,39.10369691052314,98.31848921398472,18.934674578467913,46.34123864272624,0
78,F,Private,9.412701001291955,83.9823641346535,71.35772003546128,56.099147534479044,68.2794476834703,2.1181160880751526,57.82627607787121,1
79,M,Private,5.9369303446363055,60.912694393253204,68.56752288710246,98.79917249127001,48.62512672908391,3.096572251954397,56.568289369069184,1
80,F,Private,4.065955106391667,97.49805919751127,63.7357930171256,81.76099810479923,71.82539567924226,18.89472517566159,63.777240221014004,1
81,M,Private,5.6730860499060904,89.3172507207776,38.555767689278035,22.173393698044784,29.833654277231005,14.730704566695852,37.1106304870475,0
82,F,Govt,9.840260602283816,54.47055011561297,51.27247967244117,25.216367300839366,91.09272642123189,17.659876496595462,46.378476822481844,0
83,M,Private,5.940944751942957,70.87903878924642,67.55810681489385,57.114510144986625,60.24671606238691,4.052652682706864,52.34786331269135,1
84,F,Private,4.630012882300066,93.95591537810824,59.741348708733554,92.73761646892481,55.94797936317136,11.751717422188037,61.40257456024761,1
85,M,Private,7.067206834533806,97.2366011145705,99.02284161719098,63.09614383621714,66.86918307628153,14.022791888349474,66.6583952957588,1
86,M,Govt,3.9211649502255446,73.37007556249348,30.91518020453865,59.82500064274322,69.9827090231522,13.602237708939453,47.60282607663062,0
87,F,Private,2.6069066248693114,80.67056946053539,75.6115643238075,28.437895996530447,25.742064498121042,8.163033817333963,42.61380018077274,0
88,M,Govt,3.031037775285194,58.35169730460376,52.34550144834337,72.54240837794353,74.60937769787219,0.30789783382616953,52.176004520809606,1
89,F,Private,3.0243667116621795,99.55843130684883,54.25596919404918,85.76825284801804,39.35453442524236,11.658521136085263,56.39231089716412,1
90,F,Govt,3.215221548098355,61.58358506917217,77.4078212526541,50.43360060060499,77.11621060052718,5.062030783592175,53.95128781421136,1
91,F,Govt,3.110617381195281,97.13658870675629,75.39489210594957,82.0489480740262,85.80278355073574,9.005084922857806,68.69876596373263,1
92,F,Private,7.126997958425717,82.48233244961843,99.30047949617506,97.15813231206494,84.31668060420162,19.151620301676346,74.07692456409717,1
93,F,Govt,3.4550406751931586,80.38683974394296,30.27154315633002,36.30131673021513,64.20007739263113,7.980706352848694,42.922963539662476,0
94,F,Private,4.765338266590906,75.63442555082543,28.328771950733305,61.866370495579304,61.613591384860094,16.796032133288534,46.44169952971781,0
95,F,Private,9.174307279248094,61.53349058588793,77.94710537029928,42.971036646766045,31.430076907152937,3.7708121149850227,44.61120335787086,0
96,F,Private,5.791693122102979,58.82640160027542,66.27095336051272,83.42835352270714,82.02769203225085,13.449209960500577,59.26901872756983,1
97,F,Govt,7.340461908168217,61.02431045350877,41.93285332478447,66.2074692704926,41.71275043573715,19.54013908877887,43.64356907853824,0
98,F,Govt,3.3785589696130387,59.32191310721272,26.35354951911893,70.76659340402429,59.73563382543573,2.037862017458736,43.911249765080946,0
99,F,Private,3.538312150469366,88.97922367833766,26.852659967714445,83.83313276927153,42.74192743420134,0.16639884454384024,49.189051199998865,0
100,M,Private,2.326948930131831,67.5062629583365,91.53526997312946,51.677637812996394,30.706269039975453,8.671655852652286,48.75047774291394,0
101,M,Govt,3.3514805045773164,52.89213382816982,35.34938597749943,93.20720547256346,70.36461575133893,1.852509661027344,51.0329643068298,1
102,F,Private,4.228722712255669,98.45513150704056,45.86972496924166,62.6423093796912,24.346562785832305,14.967686993524627,47.10849027081228,0
103,F,Private,3.4160838742139745,94.18929424817128,38.13251217815904,32.63638582682784,79.891618730096,18.29097327697118,49.653178971493624,0
104,F,Private,2.709620270056445,96.38761415976064,48.39970446655499,75.67192945350419,45.406943620889336,8.680419454175176,53.715162394153126,1
105,F,Govt,2.9650869688048065,99.74539113232177,25.55390741968747,83.46090803506036,20.010775440358827,5.174232843108819,46.34721379924665,0
106,F,Govt,5.686230144261806,58.69476246097437,61.52478327266163,45.34093416540213,60.89033113897838,8.688066380132195,46.42740823645566,0
107,F,Govt,3.65066974724634,69.81210094513294,25.409005087377192,88.57434055990024,23.74815268220825,14.468956357000021,42.238853804372994,0
108,F,Private,4.914158888384604,87.91192378520456,84.02852062578893,92.4914603812613,42.09356462567196,0.18108323160741957,62.28792566126228,1
109,F,Private,6.027338166838855,84.8010309026896,38.69696655283464,42.15235899022471,76.5581189964573,11.789079789693943,49.647162721809025,0
110,M,Private,7.523158629034922,57.69479531699275,63.20095316836085,98.68171781721776,25.015169729749267,12.265833697747581,50.42315893227111,1
111,F,Govt,2.3144971187287915,90.79165624953089,90.40632700491666,31.256922243900675,87.1470793884802,12.75376493791871,60.38329640111145,1
112,M,Private,8.395283191272341,61.22202859183304,72.07018952377553,36.1612534721992,20.30559381268665,4.840441599617544,39.63086971835335,0
113,F,Private,7.023203115927262,61.19088074113115,62.636622924106824,34.73798713904209,39.74590953615218,14.281054467562535,41.0669206912719,0
114,F,Private,2.6540722555909753,76.84872114467068,45.94670024923005,91.51917680062964,79.27232449216572,1.8278297266355281,59.24819898845741,1
115,M,Private,8.988628992854217,79.64699674208515,46.64015304465583,72.34340418599695,45.30161197834454,3.9854067293360163,50.58415898878734,1
116,F,Govt,9.366979204254505,79.00431039189056,73.5589564158552,32.16834265778183,28.15139104528108,17.54940093308964,44.44999594301264,0
117,M,Govt,2.48862367883891,54.574341869887746,99.5311488976934,55.22587346946792,48.81871350403423,14.774463014531328,52.127740283984444,1
118,F,Private,4.21502118517763,93.87304313151901,72.9471351879503,69.22384200558416,41.63146291076204,0.274911080226905,56.37810088419863,1
119,F,Govt,8.44961023834449,63.2800021294353,64.622673389602,26.677126799150663,87.41695217284439,4.967525207396005,50.089272945875365,1
120,M,Govt,7.986077523069267,56.47574606414021,78.45204081913968,90.5933094725871,45.06783340681145,4.288129659863291,55.71500145714954,1
121,F,Private,3.4761681548510186,94.43740399344887,57.21644898269745,84.28828283532282,83.11459774208058,5.4161265607394515,64.50658034168015,1
122,M,Private,3.6747945866936824,97.78257491148767,24.811387408062817,60.41654188613106,91.34977158485879,4.951195405597728,55.60701407544681,1
123,F,Govt,4.963776822331056,93.10638086327253,64.98374527023279,97.37012922073363,54.70539356612236,1.2505259148569148,63.02588514853848,1
124,M,Private,5.876183881528171,90.4758037362439,96.61002276043041,53.420878342007974,92.79545150835136,9.178810331936408,67.83566804571237,1
125,M,Govt,6.946038172242368,82.7620990319511,34.02423538861277,98.72882552291982,50.18544431705543,14.654669495723303,54.5293284865563,1
126,F,Private,4.951309116558179,77.54286853045696,75.20039126565325,73.43359990429016,97.12627331920865,12.134634494348727,65.65088842723344,1
127,F,Govt,5.700277729065183,54.34933799557051,36.07469509272452,70.77370186031531,27.143161962045834,13.457433371961596,38.80823492794427,0
128,M,Private,7.979767505070052,70.42266065353493,62.8662147578465,33.2763916236628,74.96154132025941,1.622983570724783,49.901315172074746,0
129,F,Govt,2.293465623124783,68.6344258506157,27.73411597173757,90.55422066437151,59.5051232365543,19.029814203535743,49.744270269280776,0
130,F,Govt,4.019495554752166,62.98768918801631,56.02967490065481,54.19917503364921,51.011904436451765,16.769836676860496,45.64958782270485,0
131,F,Govt,7.7067966870764195,86.17100568442925,80.49306631161969,32.97867246259835,70.61695029988807,16.101806369913255,55.59329828912235,1
132,M,Private,9.161654701497595,74.79378675393855,47.80572193911857,21.00860159806072,76.3085673307465,16.45967610083535,45.81566646467239,0
133,M,Govt,6.093419536925329,54.0523107953824,73.19293795897744,64.7804546910706,20.349061572024727,18.654210162655225,43.693636910876094,0
134,M,Govt,6.256907882122525,61.009160097490565,83.63599686317833,62.19196976981411,33.3562470997759,10.885079322273954,49.29005634247629,0
135,M,Private,2.8573760907182084,84.16293818297979,94.17422555835621,77.54828978953269,77.0436840507455,4.005640357352518,67.15730273446648,1
136,M,Private,5.579298934587637,53.80654297451501,38.77136654843628,91.22064424142417,73.31083308625651,12.335672157050823,52.53773715704392,1
137,M,Govt,6.260938131640185,92.56034570243844,51.94527326474465,26.352526771442363,97.28380041029418,14.85762987335878,54.880576856111965,1
138,M,Govt,3.9397640290778373,74.75732635069872,32.19328106643339,78.51971922722899,80.88302322006264,14.758347867080507,54.05862277870032,1
139,M,Private,4.153945847595048,74.0293288663324,99.39868017267001,34.99295552780658,96.06181661850704,10.428980483337602,61.727345406582224,1
140,M,Private,5.018273304836981,79.62038923297588,94.16007743394363,88.65416425257311,76.20324012278456,1.369174386671561,68.73122886942284,1
141,F,Private,2.160569582221811,91.23404829625746,63.196570422444765,85.52508110893248,43.844176691155454,7.422258768602557,57.1920892202024,1
142,M,Private,4.576633324665426,67.39046039510966,87.3626635501137,63.26350039884355,28.429193780068516,18.415332169267145,50.204490289760166,1
143,F,Private,3.691584055972357,83.90080762795318,61.67663818176337,76.81942388986492,82.54590906759485,11.68897819514852,61.726872564629744,1
144,F,Govt,4.619978817423317,78.28659819978955,69.88685504022078,45.14800905469987,71.53193771807327,10.766638865114269,53.89467576604136,1
145,F,Private,2.9580970545540097,63.35141350847107,27.12995456928133,57.69343191462517,23.8548809914637,5.37707028764387,34.99755560767906,0
146,M,Govt,9.12421824591916,93.9314993177579,80.42163363974464,85.73095181683773,48.80403727207827,7.368978398331578,63.60246805846755,1
147,M,Govt,6.748739628432389,89.8713010803464,30.217078690818788,56.741215773857114,96.54398523874289,17.906921783063385,56.02446408243952,1
148,M,Govt,7.432818553155917,82.92259173292128,86.08541042020227,48.623861226035345,60.0320916568161,13.329260950536714,57.01935471782618,1
149,M,Private,8.313369908858707,92.52908645471209,82.56224701363087,59.53699578002399,54.61833088157637,15.747740535046656,59.512006007760405,1
150,F,Govt,5.987537591432458,93.36471004799012,76.69957581943811,86.25994019497747,56.61596841274352,9.086908461353103,63.78554641331634,1
151,M,Govt,2.6953623046993895,85.41814883575174,22.89283044198097,46.81664378966982,36.7106179204131,12.604944389123158,38.906720658503005,0
152,M,Private,6.296852334548382,91.85066641818361,44.250268475626285,33.900927450859506,49.49657366918362,4.96767217486415,45.15905766968028,0
153,M,Govt,6.694728944167033,84.87357308346418,41.04900559286743,76.96112162646246,49.58506047897413,14.109216605669726,51.83269794518704,1
154,M,Govt,7.96351579347464,84.00703858801502,48.810912597721526,86.07825701664655,24.188401614997794,8.552026674066745,50.20962512217111,1
155,M,Private,5.453276369837435,80.93056891075922,27.011419741107083,28.050998281882666,81.40541028143346,8.850910296294911,44.57033471700397,0
156,F,Govt,3.02064242236451,87.63583197788206,94.95662584248502,39.189929020475574,53.32035455231032,12.986446491537633,55.6246767631035,1
157,M,Govt,4.270207246389796,57.93025526465368,64.3041792569901,31.357759180879512,85.77439094531387,18.725612429378533,48.727358378845395,0
158,F,Govt,4.904658371189081,94.04353795994642,44.44194485264188,47.83531292657333,88.02784008959163,1.2801269321724185,55.85065883998847,1
159,M,Private,7.16733793065281,93.5921763872616,51.75852136594267,56.02807831243301,36.95952437589264,16.494864746940152,49.101127674436555,0
160,F,Private,6.566226437351295,51.462364151727954,55.77620324038685,79.90610695706451,72.58827857361028,5.847662208243863,53.25983587202818,1
161,M,Private,4.84877380718277,91.29083752823814,68.04754666884938,72.09180679053392,57.78254433303854,8.878389090127556,58.812301825568554,1
162,M,Govt,9.892121990343838,56.44349337367226,61.25435421571982,69.67428539827449,90.4125390337188,0.4382665755001791,57.53535880234584,1
163,F,Govt,6.846198554855097,66.7559427129571,93.55135785715339,48.18999572877235,37.25925433411633,6.020921556686261,50.52054983757085,1
164,F,Private,3.897814333887956,87.1754128145804,59.75707863246642,87.3158042467808,74.22505602480354,10.052624852602609,62.47423321050382,1
165,F,Govt,2.81425978096323,58.03799480241541,99.372641185865,57.70297339185316,68.62016978021781,1.1235215469487803,57.30960778826292,1
166,M,Govt,3.222873113474656,90.8983512059531,88.11399661960766,98.32839504121236,43.624118205746626,9.821914587663302,64.83754683719889,1
167,F,Private,3.967661827076065,91.6067088978871,36.680841148586865,70.73137106365894,30.92807229209381,18.542212577168545,46.78293104586056,0
168,M,Private,3.2854509860764454,75.37338668804182,94.4476171715133,30.101179325160217,72.13118083818213,2.1078643621561044,55.06776300179478,1
169,M,Govt,3.492536192410446,50.31929358584168,29.309311830838087,74.09420496603472,79.08779665058645,15.288814561510087,47.26062864514228,0
170,F,Govt,4.280761349550777,64.35190665874563,85.39597667929533,46.00832123453592,45.250187501068,8.193421067519854,49.05743068463913,0
171,F,Govt,3.3869887623580386,80.84634591878711,50.4498634781264,74.9061757348878,71.5866083217851,13.10347429048676,56.2351964431889,1
172,M,Private,9.174123397011401,99.05930890137117,90.23794563560556,25.57129185299246,51.61047260892026,5.204731959704587,55.130628479180174,1
173,M,Private,2.6418699652931377,81.59067635083342,89.44453520859602,33.99051497407675,77.05655066260942,3.1898452508271657,56.94482943228176,1
174,F,Private,6.196091116562037,62.99017905320799,84.4740320094097,88.4589807124629,35.93722199152425,3.2092522854245287,55.61130097663337,1
175,F,Private,5.283174615917292,81.70028515498056,83.20243490456491,38.17436456188119,91.21720021089395,1.409838912862893,59.91549188964758,1
176,F,Govt,9.859028935268851,76.99926898579278,44.37433112784326,86.9632900194352,42.99276771724638,3.7129340980248604,52.237737357117304,1
177,M,Private,2.8963112173444188,88.99226975755718,26.473542644100174,42.34208707635283,49.42287902049223,13.284387699779366,42.025417943169366,0
178,M,Private,5.182844792365933,55.34903194134792,52.23841430121291,71.43055280469662,24.647356166427983,17.63381223687016,41.76964000121028,0
179,M,Private,9.75576346620295,88.05139512510141,33.88196119892069,75.53204588078648,28.92097698570211,16.282513711823235,47.228428531342736,0
180,M,Private,8.924057007151841,77.06332893380551,75.59608711219694,61.012380251604235,61.26895221698625,13.702686197489681,56.77296110434896,1
181,M,Private,8.536576567594238,98.14960019294973,47.687978123022845,44.4248541357385,41.40741413823772,2.2086372682220534,48.04128463150861,0
182,M,Govt,4.063222616359519,67.0936083019343,98.04881606879319,37.01155010968769,86.83841805937556,5.783748925918997,58.61112303123005,1
183,F,Govt,3.3671006991205266,81.6310946566974,71.27776618762655,22.655148364994098,21.175471092396307,6.1961375064493796,40.02131620016698,0
184,M,Private,7.349145759395448,96.60140527550087,85.79844509074887,44.31571209925791,50.32752389375489,4.9991389279524245,56.8784464237316,1
185,M,Govt,9.435007913020687,55.12548639953396,30.601973819347876,72.25302324250265,46.987643741527414,10.300113194194463,42.88062702318652,0
186,M,Private,6.454103144111438,96.86142436182256,88.9611585818098,95.06438547587861,21.54621047340808,10.71107629759345,61.7774564074061,1
187,F,Private,6.572901515759199,84.39428611504067,93.82057524107155,89.69635858104417,29.949471920040818,7.137719503422204,60.88671867459129,1
188,M,Govt,4.239832749282273,53.39185295525859,58.96495350551487,81.28518212282421,53.09141399349082,7.07578317472872,50.194647065274154,1
189,M,Govt,8.155943465535495,65.04817834734081,68.5002350200782,83.0757874602639,59.429166755795734,16.571111958121627,56.84186220980283,1
190,F,Private,3.496349988460187,85.40860443226407,81.18478407223964,73.19879227807962,52.34317978038953,15.785856966393712,59.12634211028661,1
191,M,Private,4.589433891233949,53.36753007343859,33.98709018083301,40.82294860528024,62.475014272967506,6.155916633614913,39.04840340475066,0
192,M,Private,5.403491508931334,79.10852300881366,60.205286117075396,92.57560245646638,67.61053399245452,18.275768877465186,60.98068741674826,1
193,M,Govt,6.06088302947564,67.29415284764784,51.89304222178505,73.65858495246673,20.79390569022685,19.05630034005012,43.94011374832042,0
194,M,Private,3.939277859320642,81.04577588837385,31.70991937297993,64.8352504784352,57.127612756280314,6.534850840600816,47.73156727107799,0
195,M,Private,2.9186945979136283,52.28710169062564,49.40275378332252,28.879157537078484,97.07993927100706,7.088498975861097,46.11352937598947,0
196,F,Private,6.884960339533061,93.57684030761882,25.453784750839485,55.764443504514034,61.522582410363896,10.112683068439177,48.64052226257386,0
197,F,Govt,4.309044425922046,98.67444845886985,22.06495255595896,56.8286616961541,74.20338139671625,18.82241625067347,51.21609770672425,1
198,F,Private,6.649905771380898,98.44389276428458,30.81330313238582,89.16508876181359,44.949108633350654,17.52638866284623,54.00425981264311,1
199,M,Private,3.2349017221936185,87.48259158714623,97.0492089271339,63.731857615023074,81.91931025222101,2.051359251671796,66.68357402074358,1
200,M,Govt,5.84912081483854,56.5043120065316,63.96236287160136,50.43204391763277,81.8337185500892,7.854614865428324,51.7163116321387,1
201,M,Private,6.260715460412687,87.91315979645113,97.2657728922576,98.14402628085274,61.703683812331114,11.067423794995436,70.25747164846106,1
202,F,Private,2.4145882945794153,51.229345822940076,54.59983026641056,28.857647466105256,98.08110586233708,10.0626494510308,47.03650354247448,0
203,M,Govt,4.692834225551365,51.106177576449866,44.945290646820766,53.80387426495557,30.044017181012272,3.8772613587378535,36.91843877895797,0
204,M,Private,3.075317415511794,66.18051095747705,60.49134902721953,23.361974013712423,21.35581319116648,17.176335423363092,34.89299292101746,0
205,F,Govt,2.506999763782142,74.43215952023328,55.16093509063281,79.19232966135442,81.61265694056767,13.538815659936747,58.581016195314064,1
206,M,Govt,9.919681859119562,88.52037089038966,28.453174740939513,93.44612417593206,84.5724429891906,16.758167497036073,60.982358931114284,1
207,F,Private,4.578830759797784,84.16476883032526,71.2661051752165,42.40298636403915,29.6165783296461,17.175285586989443,46.405853891804966,0
208,F,Private,8.478995566837078,72.29513531883742,37.28305460076797,88.66733414392966,41.24662663668849,14.967117073314796,49.594229253412124,0
209,F,Private,4.037125238110111,63.68133331408329,69.56703639182636,43.37745843695182,21.404189069330315,8.784212024994346,40.41342849006038,0
210,M,Private,7.452021777791434,99.85622500788556,72.01608739185227,92.86161293151322,43.46468886244517,12.210935100308491,63.13012719429753,1
211,M,Govt,8.081822879117492,71.30906511179865,32.16198825029185,80.31695228774271,81.85134991349372,3.207308122394863,54.744235688488885,1
212,M,Private,6.765109924862754,72.56935121648377,24.907970168853453,84.39254214731508,61.436842217006316,13.472908349498153,50.01436313490428,1
213,M,Govt,5.772609508401267,58.181191059583455,82.46092688547519,21.44052444803636,47.84764745346305,3.585065114785615,43.140579870991864,0
214,M,Private,5.294727313178148,89.74047743749647,56.78403390154561,97.02482856592208,49.73914359250642,13.878991810203136,59.71664216212975,1
215,M,Private,4.790946132343962,84.68411128907442,24.65310364043806,78.13367936562585,20.108290057237454,4.591963215079373,42.47402609694395,0
216,M,Private,9.436233153982606,61.03848063943802,99.58930537358137,44.380087630890664,43.98404220521887,2.3510260030043995,51.6856298006223,1
217,F,Govt,8.644955262301833,54.11905228079213,24.62244487970933,86.35157318870776,71.71669933103445,3.3056898028591486,49.09094498850911,0
218,M,Private,9.7202152853321,84.02496510373565,75.60281830868425,42.521695873194396,97.93555550530857,0.03984270438140536,61.961050015251,1
219,F,Private,2.994377787884358,82.72556071405677,98.69431402107308,89.82030716529023,87.76486615871195,14.374792357070605,72.39988516940329,1
220,M,Private,7.846939801629154,63.662976349910466,39.13440833727405,29.00643123295496,21.88759717164233,14.648020981167582,32.30767057868219,0
221,M,Private,9.506723654568303,97.54317811252051,31.379949494975694,76.29487819686366,91.88484837398715,10.298666998265189,61.32191556658307,1
222,M,Govt,3.449864529325281,57.55289458904501,29.71079515379431,63.25587813159282,82.65587306389008,3.227256021107674,47.3250610935295,0
223,F,Private,2.53197013893422,71.6167400521301,44.262011805407646,27.722757615635267,82.43008988567843,1.671086750213795,45.71271389955713,0
224,F,Govt,7.928965194320472,97.18079600837994,28.083664880851735,39.35150626070712,56.63966072028572,0.3825793287457402,45.836918612909,0
225,F,Govt,6.595784905439295,70.98636584630611,75.37290733553056,20.992322902185183,51.840423436360226,3.314963539304414,45.15756088516427,0
226,F,Govt,8.734630214066176,81.92629738320429,24.983343850405014,57.50143723716047,44.23325830665541,17.817110699662933,43.47579339829827,0
227,M,Govt,3.118179013010316,69.87971989813971,60.75377025198318,44.10122086080003,25.255588716349262,4.830736834033635,40.621695748056496,0
228,F,Govt,8.362138494879122,63.7107601174335,99.73574830823814,67.86859874382071,38.258829079495925,7.085426544344314,55.58721494877348,1
229,M,Govt,3.6130185603819562,99.19888239799141,85.11762156048151,43.77902461668938,39.72829079824197,2.1069096896266637,54.28736758675725,1
230,M,Private,3.309247542925636,70.46670031575215,69.21755505848087,43.993528920558774,58.72616557681613,4.447226094963406,49.142639482906716,0
231,F,Govt,3.3141263834479435,94.70496018395673,44.500289662928935,79.45545589852827,79.79555252773551,10.384491415604103,60.354076931319476,1
232,F,Govt,8.516597761851056,61.49773029455431,69.91166690333108,23.851426878268278,57.90478627183573,12.155053661913051,44.3364416219681,0
233,F,Govt,7.321577765569601,60.655235201254165,62.163317112932134,92.23159961535897,24.62755595577285,4.907046283324221,49.39985713017755,0
234,F,Private,6.184523398152955,51.55670414422557,54.086670711229715,88.18110995129452,96.62318407905632,1.1546431845023442,59.32643845679182,1
235,F,Private,4.87064387298802,82.58334126879424,30.45683013921596,73.42437465811253,95.41794552752899,7.820657382547973,57.350627093327944,1
236,F,Govt,9.017604326504866,68.42631718618806,90.92833721923733,67.45772560859075,82.81516345187268,4.684067418526682,63.72902955847874,1
237,F,Private,5.139560859381083,93.21791249198185,55.9827719057058,91.38419985117218,99.30623212513764,4.391078464596038,69.00613544667571,1
238,F,Govt,8.532795515772616,73.66049533457786,35.56980094566121,34.82641436229716,63.55858662402103,19.197256054269104,43.22961855646598,0
239,M,Govt,5.513079268561747,98.40967139573608,49.420748070183166,26.31753297526629,97.02146802025649,12.32600971851448,55.33649994600076,1
240,F,Private,5.015555435399261,59.27627578515606,53.130380202314164,39.16081359276305,26.048403249340062,11.137568863441917,36.52628565299452,0
241,F,Govt,5.7014382853568515,93.43115839778054,86.20303164534994,83.56626229601522,49.254459860909705,8.315502070466438,63.63127009708245,1
242,M,Private,4.411022993313137,88.82984263958708,78.68915044491217,22.773621338118666,38.030501440541265,8.578886668602886,46.54682777129447,0
243,F,Private,7.980875041410009,88.5460922322026,81.54439149130718,66.62454680667918,35.666646730741604,10.818100076761617,56.072510460468116,1
244,M,Govt,6.021763120739833,92.23916140584438,20.882501154291777,99.63500129530479,31.264235911414087,13.928596140722146,50.00853257751898,1
245,M,Govt,3.8577015611745384,88.05119954714993,53.29231985438092,88.45568750700315,69.79309132527973,14.04292192363659,60.68999995899766,1
246,F,Private,9.196596586196549,81.31101608157077,58.50753213082589,61.71565512348715,82.5057484597844,3.4338781541089913,58.647309676372956,1
247,M,Govt,5.071129770985691,56.56224388411938,21.535382145844537,25.091272742931388,66.26387195362885,10.002255041532539,34.90478009950197,0
248,M,Govt,6.348422888911909,51.6263089745626,40.785056699602734,86.50988115085678,31.757016767056776,8.239161900682038,43.40533729619817,0
249,M,Govt,9.251776887716375,96.04239239078434,80.8231858497708,67.91828065417684,84.88990159467767,17.410539325387685,67.7851074754252,1
250,M,Private,6.993903967311937,80.8325157260369,30.968776458319923,29.19463976476535,70.87637657309827,12.628378424367527,43.77324249790648,0
251,F,Private,2.9351843256669126,89.82686454880881,62.824810516207336,27.508582785868498,51.05325649015964,10.650081328319636,46.829739733342244,0
252,M,Govt,9.5186569889078,74.0761175756275,37.216149761379,92.7701455549274,73.93042364288505,2.3078928435783475,57.50229870474535,1
253,F,Private,7.021664424571343,55.86540944811972,20.969661971511464,73.53602103504628,40.792398339426626,12.11275778646823,39.637031043735085,0
254,M,Private,4.679244917256689,56.259289610127524,39.29611660796332,86.34294394534044,47.61537667953684,2.3440781136046684,46.838594352044964,0
255,M,Private,3.114176581307098,84.27826436144858,98.0699003928043,90.31831202258138,93.39886745055922,6.744131511315041,73.83590416174012,1
256,M,Private,8.352201514162367,71.51529474497313,84.12296895063916,65.74178816386578,43.240360453713635,2.8568392962866374,54.59452276547081,1
257,M,Private,6.960582047428108,60.02623633501683,96.76613154568267,61.3957081404033,57.59906145263493,13.841472940487378,56.54954390423317,1
258,F,Govt,6.267688735810572,74.57972733707184,59.028323514109,54.43419282567922,91.21129099168117,4.125042276723052,57.104244680870366,1
259,F,Govt,9.151140664407661,53.21044685375671,28.778895894200282,45.355727023289546,76.6177080214022,7.83718746376052,42.622783691411286,0
260,M,Govt,8.308777689796246,79.09857009571994,63.83675911789544,54.76767686869694,24.97625809317622,17.913495552375572,46.19760837305696,0
261,M,Private,3.2133990378620094,63.449670221754886,56.350186764796874,81.91037245841251,31.784243542317625,4.086327667979406,47.34157440502878,0
262,F,Private,4.493776542364386,89.87795503185941,87.54856661916928,68.15387448121052,20.627327261753344,10.156101279175582,54.14029998727139,1
263,M,Govt,3.987913118515726,65.51809794617868,27.846606462739565,91.4018631963877,70.47374321833307,8.38543322332044,51.84564478843095,1
264,M,Private,7.951570340581416,72.76100745409006,59.059290961742256,55.47040115033502,55.81387403283347,0.36248082091459466,50.21122878791645,1
265,M,Govt,2.268259477886235,50.58102699540503,32.00389317551874,68.56716629750032,30.741988072182043,15.855162271456255,36.83246680369848,0
266,F,Govt,6.559117478970532,53.62234438972794,45.974074151204796,70.5046042473591,96.63472968454164,1.3809181262919945,54.658973990360806,1
267,F,Govt,8.099669485925524,69.62467782033424,78.98856619102398,67.33577298450604,62.37277791564959,9.485100419539073,57.28429287948788,1
268,F,Private,9.014125094093995,73.99694173585618,58.081450349501324,76.2107018468413,39.351463529031136,11.213565898778999,51.33093651106479,1
269,M,Private,4.73665398972726,80.00102740596519,50.07106281166155,38.9946774699845,60.0482856923766,12.568529132291742,46.77034147394302,0
270,M,Govt,8.570058437376103,64.58312893546517,51.55810228560283,60.98910220366325,74.36962661880862,13.772632586157512,52.014003696183195,1
271,F,Govt,2.885053895641658,84.74909430632712,56.75574147247893,28.337984224667814,26.099137437885158,5.065447670454302,39.765402267400134,0
272,F,Govt,8.771618333876145,93.00611985946023,82.80132350696455,50.760906211585,41.97630520383136,0.19957553316898746,55.463254623143456,1
273,F,Govt,3.0199092986558593,88.99254944466749,91.36677511521876,59.01336548970115,84.55723927071949,14.468873247098239,65.38996772379255,1
274,F,Private,5.178298324482938,51.980941267417855,96.42677492031426,72.17794076363779,56.7731896322129,10.713131986951572,56.50742898161315,1
275,M,Private,8.378362926236429,74.02534736289145,82.9522709004236,96.04248420689628,63.72617136258359,16.722354064144977,65.02492735180627,1
276,F,Govt,3.1993394187901902,55.246508920908745,45.23255165984102,68.05208532386847,54.62528017675754,16.427767258013887,45.271153100033196,0
277,M,Govt,3.834011161861132,62.10225079312637,75.05077648692337,79.48751329412478,23.51199541144041,16.866523355757664,48.797309429495215,0
278,F,Private,7.77802054714453,99.33312966335733,55.008249924431354,60.50128475961622,33.259982385612474,9.701893199590803,51.17613345603238,1
279,M,Private,7.760292292368595,57.12477714507566,40.37364976368409,70.72832251010651,55.64333109935127,6.672567916737313,46.32607456211723,0
280,F,Govt,7.129181063082378,74.9444076725678,87.26972635407381,25.674577290701876,36.73483723263423,15.8311640518274,46.35054592261202,0
281,F,Govt,7.5515875557368,80.90778671590596,23.074107916986,40.35132646734776,23.998322292774297,9.0258822605851,35.176626189750166,0
282,F,Govt,6.341795546780769,85.12324852720519,92.14095937083388,48.948247456411096,87.4919731241459,3.66884392806869,64.00924480507538,1
283,F,Private,4.014392471255622,77.98243417434571,56.91819716997873,57.799468400521086,98.49540233312926,17.099480391229488,59.041978909846094,1
284,M,Private,4.7655679480313555,50.48854237095918,70.97611814466244,23.6518996401907,83.45142991973916,17.651197535446947,46.66671160471657,0
285,F,Private,3.4527817344114053,66.3230654121996,72.74831377646262,31.201927804265416,88.30279373637336,9.326195122803401,52.40577649274249,1
286,M,Govt,9.267604490669026,75.88558216923558,91.60941925652291,42.14514462330446,39.35817042536363,1.5139945461957494,51.65318419301912,1
287,M,Govt,6.667134358128964,54.39332495724167,70.93357457337659,97.72261527208406,96.85015804105598,7.756521798338625,65.31336144037745,1
288,M,Private,5.206811334109119,67.53134656045904,69.11468678080494,46.50776056824406,35.75405635627427,16.070753189252066,44.822932319978285,0
289,M,Private,5.6960464291530615,51.66015543956833,25.332163244855195,58.5632846489666,96.11438482894658,18.035480570924573,47.473206918297954,0
290,F,Govt,9.578266716894522,53.928924857751035,61.47264175561632,35.68781701907143,99.58554351727608,4.069454849951917,52.05063877332188,1
291,M,Private,3.2268112249286416,69.8461638100798,32.01352006536333,68.86240568606146,76.9378244596839,1.3394722405054305,50.17734504922343,1
292,M,Private,6.689838656134378,56.63578770215302,78.99470149771885,42.45465724127794,98.49149854334576,17.547009062656773,56.653296728125994,1
293,M,Govt,6.047109431075728,78.3770424130779,60.97775366501396,36.55940627507414,65.56318236536829,7.788098779577506,49.504898829922006,0
294,F,Private,6.891633883477183,84.47324845686329,74.41822233666826,61.32581027567832,40.763342654087225,10.835219285351265,53.57445152135485,1
295,F,Govt,2.144881470566724,90.02933495545415,23.333832048190743,20.440463932833666,54.95967085324967,19.361316241015178,38.18163665205899,0
296,F,Govt,8.976991271553212,60.007512212240506,26.783361283664256,20.613122611938024,67.48487483030289,1.331294558284457,36.77317244193978,0
297,F,Govt,9.4569462598689,58.37412911295349,77.30587104501458,37.52550472814862,25.846524962161197,12.966360149041911,41.70179522162936,0
298,M,Govt,6.5210654687136715,55.228392016720015,25.76674687989387,22.93770900006569,69.7874611693797,1.4821084514973415,36.04827490695459,0
299,M,Govt,7.573206591015138,81.82151247718184,25.70053822122069,28.64206033045531,98.49422694098357,7.509378569330007,48.44630891217131,0
300,F,Govt,9.379995049418365,85.32378632434506,20.968678018790996,47.10885194710013,35.20861198269821,16.076290903868934,39.59798466447055,0
301,M,Govt,7.657909074507189,51.5793072412821,96.5201118639584,84.20685436638503,83.40760930307067,8.669444655112688,64.67435836984069,1
302,M,Private,3.2203123433140908,96.81061231218449,79.00066875672056,65.76389146954406,92.63190350236955,19.94364707805901,67.48547767682655,1
303,M,Govt,6.610306881334505,52.59856418257362,48.260112680165136,61.01341807651331,95.49612742561766,11.181185698932044,52.795705849240846,1
304,F,Govt,6.853720371062847,77.06481676505352,43.72284650301242,43.47910585664973,96.81084835243578,6.423243052719069,53.58626756964286,1
305,F,Private,5.393045370419088,85.45302597254582,47.97625837966797,94.54029755462531,61.71677109771775,4.402226518095063,59.01587967499519,1
306,M,Private,7.891553884997783,93.54845618730428,81.97228249449455,51.76120329897533,98.1846326393203,7.010410685723237,66.67162570101846,1
307,F,Private,9.474936118152119,85.70434660662139,72.90964888563315,26.96742134366172,80.58481657075511,7.450665475191016,55.128233904964695,1
308,F,Govt,9.40454810325421,90.08640415348958,34.815645429397435,69.3653212894241,32.93371489895695,1.3742735544792195,47.32112677490446,0
309,F,Private,5.606714971233057,66.97250962714031,33.92874682672675,29.107071478128113,58.1520085174376,7.391483988535463,38.75341028413317,0
310,F,Govt,2.905904366726042,90.7412556873256,27.871651977071785,47.61785142413537,77.46649402976033,9.284770394784498,49.32063149700382,0
311,F,Govt,9.878729591698676,54.00574231923376,72.82421757610706,60.592955097424706,39.787225265526665,14.454755044776093,47.41777396999817,0
312,M,Govt,8.711184691567473,94.74083280302638,81.14981297773888,89.93780197481406,71.24921468391099,13.13458969443216,69.15776942621156,1
313,F,Govt,2.9973014496261348,77.37961880768681,41.20371426600032,59.48372642720949,73.32803832372954,14.175313104583084,50.878479854850454,1
314,M,Private,9.366735060938979,90.86488849812469,21.675596882473023,76.18070128253314,33.01597950468527,0.16727363753714197,46.22078024575102,0
315,M,Private,8.959170896497026,72.615914225915,26.573733398114186,99.42534711992563,65.2068249962205,4.353347991610721,54.556198127334476,1
316,F,Govt,6.150704457008577,82.17888475982625,97.42880278760244,30.519129591838528,81.7301528782886,13.23368576799713,59.601534894912874,1
317,M,Govt,6.730203485959434,76.32013304680567,43.63558219819362,41.97852204156156,59.91165316287535,9.679787363594944,45.715218787079124,0
318,M,Govt,5.192021630961042,86.5794760877666,81.53785182705069,51.56608604781171,20.968249342088594,0.10626951336691892,49.16873698713573,0
319,M,Private,2.4380931105762507,54.08149910152948,69.9730855083411,53.74625428310651,20.723077526343374,16.089892848636445,40.192401905979345,0
320,F,Govt,4.681577933167207,53.01760419952819,50.555171172231674,52.88168602124366,48.562347517600976,15.456191465806748,41.939677368754346,0
321,F,Govt,8.422827588784092,62.355161700507324,36.45498097564441,92.6088802045244,94.09552547454255,10.968383259871253,58.787475188800556,1
322,M,Private,2.037056184036823,57.97723400565942,29.710913452752514,77.1226115573485,38.2941423682887,1.3292665155254424,41.028391513617194,0
323,F,Private,4.6679933735291534,93.58917832961009,69.20103744310933,68.6324171272563,70.74909510973498,15.330300990651693,61.367944276647975,1
324,F,Govt,5.1853495487275465,60.960699367902215,81.97070245102304,44.74981742902257,37.76606965546564,11.674271754627279,46.126527690428205,0
325,F,Private,6.299164823503383,98.79326279095656,71.51234028329046,85.90323073770358,45.73359917276389,15.639199543159183,61.64831956164358,1
326,F,Private,9.358844931302084,66.84478958855534,62.42417065993266,96.40484091879911,87.84336716811872,15.034939847916808,64.57520265334159,1
327,M,Govt,4.77076795492769,59.10589578443496,23.356097874530903,85.69586260401812,78.30891538159575,16.06004143915674,50.24750791990149,1
328,M,Private,4.7756256151698215,89.48492535712396,97.47910220755071,20.125208415317832,27.63194218505685,10.360161328092497,47.89936075604384,0
329,F,Govt,7.900009984877987,82.9353887750438,83.89713533236596,70.91210961467256,54.296161678914686,2.8064903638703,59.98816107717499,1
330,F,Private,5.617743527118457,74.90978582265694,43.42576293607718,24.090830515368058,22.333581091621156,13.423149467593774,34.07554077856836,0
331,M,Govt,3.7968385835198557,77.76817754688156,98.39762634870806,40.60857762669775,58.47121172824072,12.409475701039412,55.808486366809596,1
332,M,Govt,5.619516129061547,85.96008891361319,68.15052717090578,24.761976027821735,72.99472093608544,14.845063743981743,51.49736583549753,1
333,F,Govt,3.126856163038399,61.422737066564935,66.59381265657971,68.30363623595102,29.480209887852126,3.397620121014706,45.78545040199724,0
334,M,Private,3.4110958920497865,99.8166958028371,79.84585435436257,74.92719307940854,43.11079511273326,3.8995039980057844,60.22232684827826,1
335,F,Govt,5.986942181915838,98.73965810733915,84.941583047211,29.159011045272408,51.826930040172556,17.80819034438657,54.13082488438219,1
336,F,Private,5.351403596036383,82.51628431734684,72.51828858652021,50.707110643598355,93.56248197248398,14.999555969041417,60.93111382319715,1
337,M,Govt,9.3187672085448,59.97712254645725,30.247659709296002,56.498920716443365,99.46040123383712,18.16456977400646,51.100574282915716,1
338,M,Govt,4.899151192933065,84.01141212156458,47.06140047955987,49.52424174087333,23.592903919649267,15.174306423278415,41.81782189091602,0
339,F,Private,6.644706802224348,53.60992044895879,94.24669122608398,29.682000038815445,80.88063387963136,11.943106119806037,53.012790479142794,1
340,F,Govt,7.058114303356243,51.532625110290304,37.969248947508156,53.515823214998036,49.73792531218746,13.082654740557473,39.96274737766804,0
341,M,Govt,2.104755652706669,62.884144425560685,49.77336190700107,80.09424382467344,51.396654898358406,17.782558478800198,49.25063214166006,0
342,F,Private,7.308298976133685,73.13114783696582,54.56615063553568,25.680613162660435,80.34119786776182,11.576135090238811,48.205481695811486,0
343,M,Govt,3.4242877349580114,93.41362527041903,55.15239917555618,26.414401126552278,93.4741145716327,12.647826486567748,54.375765575823635,1
344,F,Govt,9.68856253975564,86.3584534883154,69.03516659956205,48.38170334687874,96.07428756020387,3.1295343200720116,61.90763470694314,1
345,M,Govt,3.1893018220249036,87.13532605999904,95.4460670195766,95.33805692951401,66.16980688306566,9.478424402322055,69.45571174283606,1
346,M,Govt,5.31699298981619,71.27466672240377,39.2554169466004,73.48581173783313,48.569692744040225,14.32794223916198,47.58051622813874,0
347,M,Private,2.682797344629151,67.29674962734815,29.720110104073445,74.29359653380519,83.00392686870234,5.418853966327308,51.39943609571165,1
348,F,Private,9.974994014767578,68.55193814923014,35.79763918879499,48.9535992670292,40.08011066098402,4.045083610490698,40.671656256161185,0
349,F,Govt,6.017560082649941,99.3824781868029,90.95399201674157,67.49286329668308,65.12592230668142,6.276536164488311,65.79456317791178,1
350,M,Private,6.76308013856035,52.005459570624126,71.66486501241648,20.81049472221947,48.68627692198985,4.830012559856669,39.98603527316206,0
351,F,Govt,2.53661181910742,93.35157480612243,42.87254313913281,70.88768371276338,72.5304858966301,4.298252740727917,56.435779874751226,1
352,M,Private,7.999683763193422,78.93377042861967,85.27575511748938,93.06295580609894,39.23191303148055,8.49701685736174,60.900815629376396,1
353,M,Govt,3.679244744764686,71.93077095947953,88.90959970907488,69.00587746758553,35.32743565878606,18.15677027767068,53.77058570793814,1
354,F,Govt,9.18443431552571,86.26288302075682,87.72114709522225,89.89588747730761,93.45912693403497,10.141192934774367,73.30469576856949,1
355,F,Govt,3.6411171238560573,74.33344707123514,93.51412269116436,77.9178444372875,28.14429463596295,3.7584076163064606,55.5101651919012,1
356,M,Govt,3.5255017653093326,93.67116190408302,40.17928161386892,29.644673312295218,60.47663261879453,1.5394333876174815,45.4994502428702,0
357,F,Govt,2.292397342784759,95.03509320056293,80.40335429970227,92.19626458286734,37.668222637040714,13.923122902758504,61.5190664125916,1
358,F,Govt,5.776535560879994,71.08604634367276,56.8431597819312,25.31550754846199,23.114397066053396,7.655975288727756,36.42712926019987,0
359,M,Private,6.518729066100931,63.841389861752575,87.35988423120492,62.7173978038211,22.881505463314113,16.436618931707187,48.663781285238734,0
360,M,Govt,2.525669115426819,79.61751642966811,78.27925417292906,31.370969903476613,34.01774176846619,13.190215372815404,45.16223027799336,0
361,F,Private,8.204220933560084,95.61816728083454,82.11579571997797,20.936528858472325,89.34162836048002,15.92482901082737,59.243268230664995,1
362,M,Govt,5.626310677984221,60.53310945028333,72.49294701448572,53.76274081021112,42.598299518162136,5.438920788368975,47.002681494225314,0
363,M,Private,6.19512215462064,81.14832917817414,34.19430155757655,43.6032566123325,96.03673364602366,13.847178449221163,52.23554862974551,1
364,F,Private,5.526101975505825,81.57801100462603,63.60215351175506,58.88003950380824,66.52978343913549,5.281239693874376,55.22321788696613,1
365,M,Private,5.206104487002608,86.65565112076405,98.77357916196065,66.17599093876407,54.92913518150129,18.78136958900583,62.34809217799854,1
366,M,Govt,6.477122650465743,56.57838425636299,94.99104531976951,23.499125784715787,66.40710677355636,12.727485630667488,49.59055695697408,0
367,F,Govt,3.2419219674457,85.79124823410443,23.453898863760934,29.84026360989965,61.33587081810142,6.490236003506842,40.73264069866243,0
368,F,Private,3.455425043962169,95.45162603328205,33.18518525835497,64.69139171603402,80.70210030058601,5.390237245845453,55.49714567044386,1
369,M,Govt,8.894284968108138,58.984155443512094,30.538301876364955,47.45338825381266,42.59968527782818,3.81853170143287,37.693963163925204,0
370,M,Private,9.568923697069062,61.87716624619388,78.07839279882364,78.33387900395584,48.24403132802419,13.892819177874555,55.22047861481333,1
371,F,Govt,4.986474530238024,98.56975470208198,85.4228263885556,72.18333188735517,91.52754420266005,4.374312259958546,70.53798634217816,1
372,F,Private,4.16595738514843,59.04884763547449,37.080909304853755,87.64834903919254,95.71652105203243,11.906065318549782,56.732116883340325,1
373,F,Private,7.151996345912126,92.71925466847895,60.46821543614632,75.39942613353801,91.40465819891796,5.292700538507146,65.42871015659868,1
374,F,Govt,5.269873368784771,74.61389282240174,87.256242240896,54.394486191211854,53.55583951658509,13.239378895877373,55.01806682797589,1
375,M,Private,2.203090845282759,62.36155372015885,78.62412358130004,73.8373297915546,82.42924024055054,16.298794570810784,59.89106763576936,1
376,F,Govt,3.249220778929523,93.53749506362557,63.378976439347866,42.03049394043348,58.1068586640879,15.560504862893064,52.060608977284865,1
377,F,Private,7.72777783077918,72.26526275013327,67.22781523670183,44.505079902257016,59.80318817168818,15.217026618615634,50.3058247783119,1
378,M,Private,7.271391535281211,75.74086769648451,60.6688437533024,83.11881279366347,36.374408724582715,3.7544481138450414,52.63486490066286,1
379,F,Govt,2.216767940027868,67.96166846998828,43.803876105505644,55.71356131212657,67.29042426068132,1.7676989396903742,47.39725961766594,0
380,M,Govt,3.7757772954635955,79.64754257174637,65.20175942872129,83.8704272414682,34.89087182026783,13.978976569747712,53.477275671533455,1
381,F,Govt,3.848598372704571,58.17619362925114,75.11082416400725,85.79378989346228,46.5251759253755,7.366944275887026,53.89091639696015,1
382,F,Private,7.375141948789827,69.55407683258804,89.86583326886462,88.6049870129027,88.40241612959481,8.646924528066947,68.760491038548,1
383,F,Govt,2.1576843020349132,98.47061611676438,70.90330831833984,93.33081886729659,36.56606473686842,0.6229818558678213,60.28569846826083,1
384,M,Private,2.8328686558765908,62.90667163505638,80.88972296345264,54.4788176410637,25.692662813874627,5.191528985500984,45.36014874186479,0
385,M,Private,8.399328682985516,82.8368332270646,32.805730796365836,45.509345465691105,25.520607409025303,0.6735280774892805,39.014369116226476,0
386,F,Govt,3.428357296434669,66.25950321123474,56.92459795358319,66.5758997275291,95.26276164024863,17.583715452024954,57.69022396580607,1
387,M,Govt,7.221968862814998,88.67365628433004,20.746529586167462,49.69379387501021,60.55363503694677,4.867933664370609,45.3779167290539,0
388,M,Private,3.905462248373812,56.54368303591749,39.73430916172984,68.08593334401863,52.752965745361465,11.146743391460161,44.20447070708025,0
389,M,Private,2.7955311420747613,98.49105225392724,78.11693720904039,76.44686901150597,84.87028648063347,0.7795864132226082,68.14413521943636,1
390,M,Govt,3.9453775279956327,72.68947706918196,99.34479610794908,75.07240147937095,86.86607423284129,13.33694782611316,67.5836252834678,1
391,M,Govt,7.778135454845273,61.8025231673232,27.934247966977274,49.96423096160971,46.575282649248365,6.460546915081878,38.81088404000077,0
392,M,Govt,8.845571744850286,53.67483736650063,52.11954526890306,33.34881613590022,75.48944459790363,17.958383739153316,44.695643022811566,0
393,F,Govt,8.641758916535933,58.48789525437704,84.00567749593276,54.4423470769766,81.68982526815093,17.762363778680715,57.45350080239466,1
394,F,Govt,5.177468236947639,75.98869742780089,36.32285077031191,31.4075315265527,72.37205494927636,6.505812367234956,44.253720582177905,0
395,M,Private,7.344681092565169,66.85015882156432,64.4067959441829,91.20776281470467,32.12760598400795,18.019217913809356,52.387400931405004,1
396,F,Private,3.6398743633265678,91.44416829413046,78.64570368237398,47.67019685902859,90.07064668136456,19.923153469975578,62.29411797604483,1
397,F,Private,4.345181842088106,71.5443761830903,69.27883602081432,32.3567797778659,63.12756421888069,16.508313282478962,48.13054760854787,0
398,F,Private,9.170686548168959,62.435713629381496,35.04197876923329,22.035820792460072,42.597794109600294,16.897426955104578,34.25639876976882,0
399,F,Govt,2.1040153880858883,80.8572493302015,48.43076549485915,71.66579090291874,54.01825483501551,4.980174722181799,51.41521519021616,1
400,M,Govt,2.6840682468357446,85.33886084427229,82.70334275883178,70.95218539637946,23.00568723191259,11.534047977155126,52.93682889564638,1
401,F,Govt,3.6630900411682186,58.35209539504749,64.33812113056133,47.248333326503335,30.229344097793405,1.345118279347357,40.766196798214764,0
402,F,Private,2.2122576309905577,58.380960814415886,20.41836908343302,25.736951107812082,81.24374004126886,1.8983587364333943,37.59845573558408,0
403,M,Private,3.4514834807183785,51.83357134667715,80.8792608022475,52.770311591618565,20.000930780429293,19.97785224066581,41.787111600338186,0
404,M,Govt,6.664332487757537,86.82010075328202,22.824908395219126,44.897399605071485,53.32526627858337,6.532784988518219,42.90640150398271,0
405,F,Govt,5.371396404739984,83.19022638109026,79.65870261849858,74.16965117880075,61.800814486847074,14.963678240976927,60.83815821399533,1
406,F,Private,9.141373688615799,73.7315437874907,36.19844481321899,68.46233995621523,24.370753600077784,16.13330106053633,42.38089116912371,0
407,F,Private,8.539548493907528,92.20852244845986,96.64587840955042,49.167498255803196,97.84625303778662,17.160465420144583,68.88154012910152,1
408,F,Govt,4.734538813583008,90.28350764750266,49.43526010416676,37.43140434039921,38.09002649997375,19.95256594804313,43.99494748112508,0
409,F,Govt,4.07538746745034,79.2677182198376,46.15452930704633,99.04287729244734,44.33589757090247,4.829929705137356,54.57528197153682,1
410,F,Private,5.037539265338135,93.41356402566294,31.911044026595576,56.32012969568919,44.31540098040219,0.8070165371939941,46.199535598737604,0
411,M,Govt,6.722359540118462,60.292060501838414,44.44833723921719,75.06193886241897,38.43333296938799,8.22383035989172,44.991605822596206,0
412,F,Govt,4.14450912658301,55.5959809698864,90.13206094625605,31.244237406268862,20.11790576690491,2.601613396578939,40.24693884317985,0
413,F,Govt,6.993191262793072,63.48748057584948,99.70674701017978,58.84717597275183,78.34758352703972,0.4485177832411025,61.47643566972278,1
414,M,Private,5.275293217529923,52.854342804465745,49.464762440547865,22.202937589557237,97.34763998394283,7.208536542829722,45.42899520720873,0
415,M,Private,6.416377446815842,76.5584764000516,55.8888504763634,60.436409432835994,37.94347866280361,15.67476502150473,47.448718483774094,0
416,M,Private,5.4890122330825335,96.83028461474808,77.76567505621897,97.12139256941619,73.0437753442738,11.323613824501418,70.05002796354792,1
417,M,Private,4.355726076335341,51.967177033425486,90.89566243720596,50.736537038864014,79.3517061566972,6.255559784207081,55.461361748505595,1
418,F,Private,9.587626455697254,56.105495700501336,67.44354673494273,23.119681005992927,87.87403032724198,13.086840109854394,48.82607604487525,0
419,F,Private,8.108846353278086,72.60995141417176,51.32205585422635,22.47646327354748,53.81033576108873,4.640363606176214,41.66553053126248,0
420,F,Private,3.1209054061316204,96.69375087639524,53.0097472678899,51.03894079574956,44.23447245123434,0.2876289214417005,49.61956335948014,0
421,F,Govt,8.947743807183302,65.80780524883752,75.64945171974455,32.801994917055524,46.02361072184249,15.287067728728548,45.84612128293268,0
422,F,Govt,5.899449585996109,75.36174043441963,20.257461088342296,21.868167706254873,77.00970664788102,12.474861697280183,40.07930509257879,0
423,F,Govt,9.156417815152732,52.0786429525196,69.56714699678726,80.49708911601414,85.34235732045089,15.2460524900192,59.32833084018492,1
424,M,Govt,8.398842047578523,57.41716004810444,48.43944083530859,56.681840710551256,34.52911742052821,0.7787603337533122,41.0932802124142,0
425,F,Govt,5.401708035753868,99.33150614794235,83.53578650216674,43.139581757812365,49.67528065262122,16.742392556613044,56.21677261925932,1
426,M,Govt,2.179754466560939,98.25593482180227,27.439251185850573,92.00665464131846,92.155215739932,12.390524000726067,62.407362171092856,1
427,M,Govt,4.149418875079569,50.24699904672048,67.05618135587125,29.29111681604205,84.53548157557914,11.267907014252803,47.0558395338585,0
428,F,Private,6.333073717286935,97.59058927116195,58.4778311908899,96.47350631642554,98.78867222099807,12.492280962290632,71.53273454335248,1
429,M,Private,7.067825758609178,81.95599689077503,71.38604207241819,45.117337390188226,80.33986077456646,17.288664937367283,57.17341257731142,1
430,F,Govt,4.063101483465618,93.39591472600111,25.18828755863747,91.0722937846945,51.45561608223378,11.73873013117814,53.03504272700649,1
431,M,Govt,3.114848592582593,72.73699278169295,66.3987029942505,68.23543011835693,67.25102671957103,11.619007597763586,55.5474002412908,1
432,F,Private,8.679441894394394,75.77980142896251,64.91876703676189,86.136588779319,72.88114033978562,19.813583141315316,61.679147895844686,1
433,M,Govt,9.875217445628417,74.44232901284602,64.85280755329367,98.72105305683715,26.276465305369918,15.13460334137136,54.83357447479504,1
434,F,Govt,6.205521458421487,83.34321287730522,68.27901332771638,43.07243502549966,63.55975672830921,8.845876109022706,52.8919878834504,1
435,F,Private,3.373434286786428,56.98256273781564,74.11743497810897,96.89083883260744,76.74566627780877,14.147940000658554,61.62198742262545,1
436,F,Govt,4.178458612154952,51.4986794936339,84.39911997446158,51.15855159219363,33.38570432008483,7.78460943383577,44.924102798505785,0
437,F,Private,2.147125412379734,65.39649707955954,41.585657610257144,50.84095237895379,82.45053739404457,4.57750924966998,48.48415397503896,0
438,F,Govt,9.314390452483991,85.23403813683234,86.00395281440497,47.230968340360455,66.70182244112894,11.937037537755188,58.897034437042144,1
439,M,Private,2.942008663121129,60.09267260614742,59.86045458107629,63.312608587806814,96.17774285580757,18.56364196227903,56.477097458791846,1
440,M,Private,6.6121318041140285,83.67162166624587,26.164662330746495,32.33160345427897,23.393783856551337,18.582790400309253,34.434760622387344,0
441,M,Private,4.192441765497648,98.49560230536352,24.684074339518336,64.2969188286409,41.22609100443736,6.838105562109806,46.579025648691555,0
442,F,Govt,6.433424020126347,54.69503578947092,46.73906549568486,63.33638499280032,68.12431034398593,10.553549324433899,47.86564412841368,0
443,M,Private,7.211363106814914,83.63010591125632,82.7917581689174,80.9521450083896,43.724792976474454,4.232717971397224,59.66203303437054,1
444,F,Govt,8.637934429657612,72.18751096522855,76.61447477927325,86.69199695500684,77.15393312569938,19.912622189977668,64.25717005097313,1
445,F,Govt,3.6513701740848257,93.40711271887527,83.08919717379251,55.23530802499393,80.72042260175448,19.622358157358715,63.22068213870021,1
446,M,Govt,2.087966629267844,58.857489472369295,61.38152451532875,44.1866599481195,28.201277125317958,12.990178594148947,38.94298353808067,0
447,M,Govt,3.095085040550458,84.63129761130823,55.21591983643924,40.746791785367556,61.108357136541414,16.088281193549467,48.959490282041386,0
448,F,Private,9.20014913478484,91.90576448240552,31.796202136502714,35.569906936389756,60.71124444728447,14.302003225674,45.836653427473465,0
449,M,Private,8.991120620500123,97.23071097370116,46.25542028874492,24.61180657592199,49.54246161724328,11.863164380789364,45.32630401522229,0
450,F,Govt,6.779304817362466,84.16240141448229,54.72154929391002,47.395838306777065,94.63398900557377,1.066959939777954,57.53861656762113,1
451,F,Govt,6.804134883469227,74.85873820042136,27.08803437436938,41.61981537046266,86.2005055898577,9.09528685105322,47.31424568371607,0
452,F,Private,7.320293396370044,80.8923620100607,37.6489562168969,97.31339086931258,75.77675055277095,13.49572604334821,59.79035060908223,1
453,F,Govt,3.4029702289875967,93.44524922393592,67.8580235250991,64.61670610000351,77.14613085879981,13.550632277673692,61.29381598736519,1
454,F,Private,9.315295567399678,78.53048733194149,78.85304913913518,47.78216312244061,56.93729150504953,7.462452368447671,54.283657333193304,1
455,M,Govt,5.350164199136585,51.519352984841845,99.86780091143598,66.43740807949568,93.67956168772606,18.833839733160612,63.37085757252723,1
456,M,Govt,5.06510822599598,96.54743477534889,94.64906650748462,31.13573610765564,75.56763418026283,3.34714064473562,60.59299595934959,1
457,F,Private,6.1513416422627,84.47633755157806,71.40521596281532,55.523499936176236,78.31848493246531,10.007188924311212,59.174976005059534,1
458,F,Govt,2.3757277342004404,83.82566928886233,53.69984426352576,70.0987457136851,88.93527230298761,13.817679531016456,59.787051860652255,1
459,M,Private,3.3302669500486353,60.78375761988586,70.89418917665861,59.11182654339611,41.925727147375284,13.942716117836184,47.2091534874729,0
460,M,Govt,7.9042689314109635,82.94427351163286,82.85212944641856,52.14230405234594,84.56567230933624,12.97277913537631,62.08172965022891,1
461,F,Govt,2.6623893434010117,69.69322028270793,29.466895273870986,99.50787111197586,35.61924823651936,5.505764269037203,47.38992484969503,0
462,M,Govt,6.825216875731106,82.5616488520746,52.79239117570306,90.42518097191416,47.627356179591025,3.1241313737324394,56.04635881100279,1
463,F,Private,3.9627928774505676,55.32965151539953,87.18418285084938,69.87247665275521,46.848836341587415,12.718806536534217,52.63958804760842,1
464,M,Govt,5.114364912335812,82.89226523015179,50.70663615464352,65.55018889458262,98.28203747113125,11.986042322788755,60.509098532569006,1
465,F,Govt,4.309549894165599,99.97068628853333,65.74978169817493,69.65283838596673,88.52297789983415,3.5871202057848195,65.64116683333495,1
466,M,Govt,4.845381731719593,52.4106019430278,67.02154886897586,36.10496862579466,76.09358892722078,14.102782911411268,47.295218019347736,0
467,F,Govt,7.752367241473964,98.85870921106587,34.75810025069115,51.61101946114549,78.16454092923121,9.103439834673129,54.22894741872154,1
468,M,Private,4.3769737249854,70.34539803614354,48.97883533218307,23.156762631271945,64.96582355220568,13.355211832063059,42.36475865535793,0
469,M,Private,6.5312371223751775,93.53767251686295,46.76090309935457,58.04368299894613,95.76725336868152,16.747341595403014,60.12814982124408,1
470,F,Govt,5.808403217592797,89.11927420291367,22.09573668256518,63.44196671661305,59.70070023058892,3.3945685715384633,48.033216210054725,0
471,M,Private,7.309369322901185,78.3508130493334,21.935341111308418,38.21997888825677,50.441416789591564,0.3828973599367336,39.25138383227827,0
472,F,Govt,9.494637914598064,86.92246046256633,86.53576349406188,97.1223077732411,33.04282695452728,15.582051727915736,62.62359931979893,1
473,M,Govt,7.860576777682002,93.92577806506739,41.845664797824995,92.75636887497936,82.89645218088464,12.193948503052319,63.85696813928769,1
474,F,Govt,3.719523028726054,70.20701608255165,61.44630129910524,77.77145883647248,78.75551456604731,13.992791392442435,58.37996276258055,1
475,M,Private,2.2494650804902774,66.35165807816193,43.898045887101844,62.670930301229006,50.74840308193079,16.76309949977285,45.18370048578277,0
476,F,Private,4.098112354398601,83.37966927817924,95.25433960922724,89.5975327718148,22.01547311673835,16.05621869649001,58.86902542607165,1
477,M,Private,6.760623445602039,90.39229709706294,40.7437407092619,30.452187505877035,87.11978621744086,19.218402938576492,51.093726995048954,1
478,F,Private,2.411406507874003,88.11425673883079,54.37254501911481,83.2407835419908,20.91343867632589,10.718701577042363,49.81048609682726,0
479,M,Private,5.970929977609891,89.89068244293173,89.81842003876815,29.985665117347864,76.29598237032408,9.769912653198107,58.392335989396344,1
480,F,Private,6.774742791335114,71.77916574064665,87.3546853433447,83.53685300395243,97.62056877808456,8.037743997814601,69.41320313147268,1
481,F,Private,4.673951126535687,90.89171080875107,34.88811342770219,42.06140546010856,55.01290625185628,3.073820856884091,45.50561741499076,0
482,F,Private,8.167297629966576,56.01045276853042,84.21146478365684,90.16724648145511,38.79787239967622,11.45214465764045,55.47086681265703,1
483,M,Private,2.8527860250701744,77.22445489804248,56.65495093903141,95.52336750603183,76.38968080347054,5.540250486519575,61.729048034329296,1
484,F,Govt,2.60110225388647,50.28793302490608,58.637509766828416,31.90367755240925,85.37025136124682,18.42615024425951,45.76009479185541,0
485,M,Private,7.825510049628827,66.22929149501351,30.6783977932755,57.01404840523148,63.71442528622779,11.663816085541951,45.09233460587542,0
486,F,Private,5.963930529649588,68.32307674356989,26.44812110056997,98.47899025301481,97.36282202049169,11.856803610162203,59.315388129459194,1
487,M,Private,7.507219171421888,69.80863458046277,78.23514455790121,58.67259487785173,24.13349773263689,7.0984932175402005,47.6714181840549,0
488,F,Private,5.47861870882997,84.7733603344931,59.716892188423984,89.08380180116362,60.38364786436225,1.0397870395541498,59.88726417945459,1
489,M,Private,3.9712162659128545,69.42790506351729,54.948056209214364,67.09852177050558,77.476315785804,0.6348753074597724,54.58440301899082,1
490,M,Private,8.552818541393599,72.43468113112652,78.36065829219174,50.02639263356815,89.01123769193431,8.46670288306395,59.67715765804287,1
491,F,Private,8.395327031751833,61.87720654371637,81.24103191928879,42.862684442069614,34.340448952623206,1.691307561944757,45.743339777889965,0
492,M,Private,7.557571766835414,68.662589581467,32.71265341354828,36.257847286886985,84.00027854109452,12.136939110802782,45.83818811796644,0
493,M,Private,4.177161097839702,61.363481363157575,68.8180119582113,80.94385531021578,64.21656605748362,17.61946011279315,55.90381515738159,1
494,F,Private,6.721845334952697,53.659796188422185,30.828326582214842,50.92324054584223,51.724294559197055,17.658296330374444,38.7715006421258,0
495,M,Private,4.887791175520214,80.17242966906889,80.11000688232366,60.90203697606009,30.537202286327485,13.180908202644648,51.321893397860066,1
496,M,Govt,2.732656586613073,83.41063992775082,72.55641250137117,59.386038400094556,89.223660712713,4.224636629458621,61.46188162570853,1
497,M,Govt,9.338508603697942,80.97451730048073,96.52916968667664,66.1823223386505,32.581856654377226,17.259936627177442,57.12127491677661,1
498,F,Private,3.0945490473516912,73.17470219002863,25.516641308513694,89.24617164996418,44.78302873672794,17.721868706264164,47.163018586517225,0
499,M,Private,9.60189883056642,68.98928900896149,24.564377692100344,98.45914748667435,43.20364255699495,3.933071699059174,48.96367111505951,0
500,F,Govt,5.568046183663646,93.16668247859127,42.57496597545601,52.606736685905354,89.71312273526834,14.748521715413546,56.72591081177692,1
